{
    "cnn": {
        "train_loss": [
            0.883758008480072,
            0.847234308719635,
            0.7222643494606018,
            0.5568985939025879,
            0.4512377083301544
        ],
        "val_f1": [
            0.1653333306312561,
            0.3732997179031372,
            0.1307557225227356,
            0.1653333306312561,
            0.1307557225227356
        ],
        "val_loss": [
            0.7079799771308899,
            0.7026940584182739,
            0.7057210803031921,
            0.7075574398040771,
            0.7101855874061584
        ]
    }
}